"","Colour","mean","var"
"1","Blue",13.4974213983707,0.0633176506664011
"2","Green",13.5010975935755,0.0622529050081402
"3","Purple",13.5000898858005,0.0607516856179371
"4","Red",13.5033281154949,0.0625116481824162
