"","Colour","Number_of_Parts","Percent_Pass","Mean_length","Variance_of_length"
"1","Blue",11187,95.1461517833199,13.4974213983707,0.0633176506664011
"2","Green",11031,95.5851690689874,13.5010975935755,0.0622529050081402
"3","Purple",11007,95.8390115381121,13.5000898858005,0.0607516856179371
"4","Red",16775,95.177347242921,13.5033281154949,0.0625116481824162
