"","Colour","Number_of_Parts","Percent_Pass","Mean_length","Variance_of_length"
"1","Blue",11187,21.288,13.4974213983707,0.0633176506664011
"2","Green",11031,21.088,13.5010975935755,0.0622529050081402
"3","Purple",11007,21.098,13.5000898858005,0.0607516856179371
"4","Red",16775,31.932,13.5033281154949,0.0625116481824162
